	Protein Accession	Start	End
0	P02671	227	237
1	P02768	362	372
2	P68871	22	32
3	P02768	599	609
4	P01024	1311	1319
5	P62805	81	92
6	P68871	43	54
7	P68871	25	34
8	P69905	84	91
9	P02671	22	35
10	P02671	426	442
11	P68871	19	31
12	P69905	67	74
13	P68871	44	55
14	P01042	381	388
15	P69905	18	33
16	P02671	24	35
17	P02671	603	621
18	P69905	44	52
19	P02671	25	35
20	P68871	2	8
21	Q14624	669	688
22	P02671	605	619
23	P01024	946	954
24	P69905	82	90
25	P69905	43	57
26	P69905	65	80
27	P69905	83	90
28	P02671	497	510
29	P02671	260	269
30	P01042	381	389
31	P68871	2	14
32	P68871	55	61
33	P69905	44	57
34	P69905	85	92
35	P69905	42	60
36	P69905	42	57
37	P69905	81	90
38	P02671	261	271
39	P02671	262	271
40	P02671	20	35
41	P69905	18	41
42	P69905	72	80
43	P69905	13	32
44	P69905	68	80
45	P69905	67	80
46	P69905	66	80
47	P69905	67	90
48	P02671	259	270
49	P02671	259	271
